<?xml version="1.0" encoding="utf-8" ?><dwsync><file name="ui-bg_flat_30_cccccc_40x100.png" server="phamprint.com" local="3373810126" remote="11963737952" /><file name="ui-bg_flat_50_5c5c5c_40x100.png" server="phamprint.com" local="3373810126" remote="11963737952" /><file name="ui-bg_glass_40_ffc73d_1x400.png" server="phamprint.com" local="3373810127" remote="11963737952" /><file name="ui-bg_highlight-hard_20_0972a5_1x100.png" server="phamprint.com" local="3373810127" remote="11963737952" /><file name="ui-bg_highlight-soft_33_003147_1x100.png" server="phamprint.com" local="3373810127" remote="11963737952" /><file name="ui-bg_highlight-soft_35_222222_1x100.png" server="phamprint.com" local="3373810127" remote="11963737952" /><file name="ui-bg_highlight-soft_44_444444_1x100.png" server="phamprint.com" local="3373810127" remote="11963737952" /><file name="ui-bg_highlight-soft_80_eeeeee_1x100.png" server="phamprint.com" local="3373810127" remote="11963737952" /><file name="ui-bg_loop_25_000000_21x21.png" server="phamprint.com" local="3373810127" remote="11963737952" /><file name="ui-icons_222222_256x240.png" server="phamprint.com" local="3373810128" remote="11963737952" /><file name="ui-icons_4b8e0b_256x240.png" server="phamprint.com" local="3373810128" remote="11963737952" /><file name="ui-icons_a83300_256x240.png" server="phamprint.com" local="3373810128" remote="11963737952" /><file name="ui-icons_cccccc_256x240.png" server="phamprint.com" local="3373810128" remote="11963737952" /><file name="ui-icons_ffffff_256x240.png" server="phamprint.com" local="3373810128" remote="11963737952" /></dwsync>