<?xml version="1.0" encoding="utf-8"?>
<install type="module"  method="upgrade" version="1.6">
    <name>InstaGallery</name>
    <creationDate>2012-05-07</creationDate>
    <author>Daniel Eliasson Stilero Webdesign</author>
    <authorEmail>joomla@stilero.com</authorEmail>
    <authorUrl>http://www.stilero.com</authorUrl>
    <copyright>Copyright (C) 2012 Daniel Eliasson Stilero Webdesign Open Source Matters. All rights reserved.</copyright>	
    <license>http://www.gnu.org/licenses/gpl-2.0.html GNU/GPL</license>
    <version>1.21</version>
    <description>InstaGallery shows your Instagram images in a module</description>
    <files>
        <filename module="mod_instagram">mod_instagram.php</filename>
        <folder>tmpl</folder>
        <folder>elements</folder>
        <folder>images</folder>
        <folder>css</folder>
        <folder>assets</folder>
        <folder>helpers</folder>
        <folder>js</folder>
        <filename>helper.php</filename>
        <filename>instaClass.php</filename>
        <filename>index.html</filename>
        <filename>mod_instagram.xml</filename>
    </files>
    <languages>
        <language tag="en-GB">language/en-GB.mod_instagram.ini</language>
        <language tag="en-GB">language/en-GB.mod_instagram.sys.ini</language>
    </languages>
    <config>
        <fields name="params" >
            <fieldset name="basic">
                <field name="display_type" 
                    type="list" 
                    default="user-recent" 
                    label="MOD_INSTAGRAM_TYPE" 
                    description="MOD_INSTAGRAM_TYPE_DESC"
                >
                    <option value="user-recent">MOD_INSTAGRAM_TYPE_USER_RECENT</option>
                    <option value="user-feed">MOD_INSTAGRAM_TYPE_USER_FEED</option>
                    <option value="user-liked">MOD_INSTAGRAM_TYPE_USER_LIKED</option>
                    <option value="user-followers">MOD_INSTAGRAM_TYPE_FOLLOWERS</option>
                    <option value="user-follows">MOD_INSTAGRAM_TYPE_FOLLOWS</option>
                    <option value="most-popular">MOD_INSTAGRAM_TYPE_MOST_POPULAR</option>
                    <option value="tags-name">MOD_INSTAGRAM_TYPE_TAGS_NAME</option>
                    <option value="media-search">MOD_INSTAGRAM_TYPE_MEDIA_SEARCH</option>
                </field>
                <field type="spacer" name="userspacer" class="text"
                    label="MOD_INSTAGRAM_USER_SPACER"
                />
                <field name="user_name" 
                    type="text" 
                    default="" 
                    label="MOD_INSTAGRAM_USER_NAME" 
                    description="MOD_INSTAGRAM_USER_NAME_DESC" 
                />
                <field type="spacer" name="tagsspacer" class="text"
                    label="MOD_INSTAGRAM_TAGS_NAME_SPACER"
                />
                <field name="tags_name" 
                    type="text" 
                    default="" 
                    label="MOD_INSTAGRAM_TAGS_NAME" 
                    description="MOD_INSTAGRAM_TAGS_NAME_DESC" 
                />
                <field type="spacer" name="locationspacer" class="text"
                    label="MOD_INSTAGRAM_LOCATION_SPACER"
                />
                <field name="longitude" 
                    type="text" 
                    default="" 
                    label="MOD_INSTAGRAM_LONGITUDE" 
                    description="MOD_INSTAGRAM_LONGITUDE_DESC" 
                />
                <field name="latitude" 
                    type="text" 
                    default="" 
                    label="MOD_INSTAGRAM_LATITUDE" 
                    description="MOD_INSTAGRAM_LATITUDE_DESC" 
                />
                <field name="distance" 
                    type="text" 
                    default="1000" 
                    label="MOD_INSTAGRAM_DISTANCE" 
                    description="MOD_INSTAGRAM_DISTANCE_DESC" 
                />
                <field type="spacer" name="generalspacer" class="text"
                    label="MOD_INSTAGRAM_GENERAL_SPACER"
                />
                <field name="image_count" 
                    type="text" 
                    default="30" 
                    label="MOD_INSTAGRAM_IMAGE_COUNT" 
                    description="MOD_INSTAGRAM_IMAGE_COUNT_DESC" 
                />
                <!-- Hidden for future use -->
                <field
                    name="likes-comments"
                    type="list"
                    default="1"
                    label="MOD_INSTAGRAM_LIKES_COMMENTS"
                    description="MOD_INSTAGRAM_LIKES_COMMENTS_DESC">
                    <option
                        value="1">Yes</option>
                    <option
                        value="0">No</option>
                </field>
                <field
                    name="link_type"
                    type="list"
                    default="0"
                    label="MOD_INSTAGRAM_LINKTYPE"
                    description="MOD_INSTAGRAM_LINKTYPE_DESC">
                    <option
                        value="0">MOD_INSTAGRAM_LINKTYPE_LIGHTBOX</option>
                    <option
                        value="1">MOD_INSTAGRAM_LINKTYPE_INSTAGRAM</option>
                </field>
                <field name="image_thumb_size" 
                    type="text" 
                    default="150" 
                    label="MOD_INSTAGRAM_IMAGE_THUMB_SIZE" 
                    description="MOD_INSTAGRAM_IMAGE_THUMB_SIZE_DESC" 
                />
                <!-- Hidden for future use -->
                <field name="gallery_type" 
                    type="list" default="default" 
                    label="MOD_INSTAGRAM_GALLERY_TYPE" 
                    description="MOD_INSTAGRAM_GALLERY_TYPE_DESC"
                >
                    <option value="default">MOD_INSTAGRAM_GALLERY_TYPE_DEFAULT</option>
                    <option value="scroll">MOD_INSTAGRAM_GALLERY_TYPE_SCROLL</option>
                    <option value="uvumi">MOD_INSTAGRAM_GALLERY_TYPE_UVUMI</option>
                    <option value="lightbox">MOD_INSTAGRAM_GALLERY_TYPE_LIGHTBOX</option>
                    <option value="slides">MOD_INSTAGRAM_TYPE_MOST_POPULAR</option>
                    <option value="shinetime">MOD_INSTAGRAM_TYPE_MOST_POPULAR</option>
                    <option value="gallerific">MOD_INSTAGRAM_TYPE_MOST_POPULAR</option>
                </field>
                 <field name="pre_text"
                    type="textarea" 
                    label="MOD_INSTAGRAM_PRE_TEXT"
                    description="MOD_INSTAGRAM_PRE_TEXT_DESC"
                    default="" 
                    rows="6" 
                    cols="30" 
                    filter="raw" 
                />
                <field name="post_text"
                    type="textarea" 
                    label="MOD_INSTAGRAM_POST_TEXT"
                    description="MOD_INSTAGRAM_POST_TEXT_DESC"
                    default="" 
                    rows="6" 
                    cols="30" 
                    filter="raw" 
                />
            </fieldset>
            <fieldset name="instagram_settings" label="MOD_INSTAGRAM_SETTINGS" addfieldpath="/modules/mod_instagram/elements">
                <field 
                    name="instructions_code" 
                    type="instructions" 
                    label="instructions"
                />
                <field 
                    name="client_id" 
                    type="text" default="" 
                    label="MOD_INSTAGRAM_CLIENT_ID" 
                    description="MOD_INSTAGRAM_CLIENT_ID_DESC" 
                />
                <field 
                    name="client_secret" 
                    type="text" default="" 
                    label="MOD_INSTAGRAM_CLIENT_SECRET" 
                    description="MOD_INSTAGRAM_CLIENT_SECRET_DESC" 
                />
                <field 
                    name="redirect_uri" 
                    type="redirecturi" 
                    default="" 
                />
                <field 
                    name="authorize" 
                    type="authorize" 
                    default="" 
                    label="" 
                    description="" 
                />
                <field 
                    name="auth_code" 
                    type="hidden" 
                    default="" 
                />
                <field 
                    name="access_token" 
                    type="hidden" 
                    default="" 
                />
                <field 
                    name="base_uri" 
                    type="baseuri" 
                    default="" 
                />
                <field 
                    name="helpers_uri" 
                    type="helpersuri" 
                />
            </fieldset>
            <fieldset name="advanced">
                <field
                    name="layout"
                    type="modulelayout"
                    label="JFIELD_ALT_LAYOUT_LABEL"
                    description="JFIELD_ALT_MODULE_LAYOUT_DESC" 
                />
                <field
                    name="moduleclass_sfx"
                    type="text"
                    label="COM_MODULES_FIELD_MODULECLASS_SFX_LABEL"
                    description="COM_MODULES_FIELD_MODULECLASS_SFX_DESC" 
                />
                <field
                    name="cache"
                    type="list"
                    default="1"
                    label="COM_MODULES_FIELD_CACHING_LABEL"
                    description="COM_MODULES_FIELD_CACHING_DESC">
                    <option
                        value="1">JGLOBAL_USE_GLOBAL</option>
                    <option
                        value="0">COM_MODULES_FIELD_VALUE_NOCACHING</option>
                </field>
                <field
                    name="cache_time"
                    type="text"
                    default="900"
                    label="COM_MODULES_FIELD_CACHE_TIME_LABEL"
                    description="COM_MODULES_FIELD_CACHE_TIME_DESC" 
                />
                <field
                    name="cachemode"
                    type="hidden"
                    default="itemid">
                    <option
                        value="itemid">
                    </option>
                </field>
            </fieldset>
        </fields>
    </config>			
</install>